<?xml version = "1.0" encoding = "UTF-8"?>

<beans xmlns = "http://www.springframework.org/schema/beans"
xmlns:context="http://www.springframework.org/schema/context"
   xmlns:tx="http://www.springframework.org/schema/tx"
   xmlns:xsi = "http://www.w3.org/2001/XMLSchema-instance"
   xsi:schemaLocation = "http://www.springframework.org/schema/beans
   http://www.springframework.org/schema/beans/spring-beans-3.0.xsd
   http://www.springframework.org/schema/context
   http://www.springframework.org/schema/context/spring-context.xsd
   http://www.springframework.org/schema/tx
   http://www.springframework.org/schema/tx/spring-tx.xsd">

	<tx:annotation-driven/>
	<context:component-scan base-package="mygroup.another_demo_21.model" />
	
<bean id="ds" class="org.springframework.jdbc.datasource.DriverManagerDataSource">  
<property name="driverClassName" value="com.mysql.jdbc.Driver" />  
<property name="url" value="jdbc:mysql://localhost:3306/projectDatabase" />  
<property name="username" value="root" />  
<property name="password" value="root" />  
</bean>  
  
<bean id="sessionFactory" class="org.springframework.orm.hibernate5.LocalSessionFactoryBean">
   	<property name="dataSource" ref="ds" />
   	<property name="hibernateProperties">
   		<props>
   			<prop key="hibernate.dialect">org.hibernate.dialect.MySQLDialect</prop>
   			<prop key="hibernate.show_sql">true</prop>
   		</props>
   	</property>
   	<property name="annotatedClasses">
   		<list>
   			<value>com.online.tailoring.sapmle.project.sampletailoring.Feedback</value>
   		</list>
   	</property>
   </bean>
   
   <bean id="ht" class="org.springframework.orm.hibernate5.HibernateTemplate" >
   	<property name="sessionFactory">
   	<ref bean="sessionFactory" />
   	</property>
   </bean>
         
<bean id="feedback" class="com.online.tailoring.sapmle.project.sampletailoring.FeedbackDAO">  
<property name="ht" ref="ht"></property>  
</bean>   

	
</beans>
	